<?xml version="1.0" encoding="UTF-8"?>
<configuration>

    <appender name="CONSOLE" class="ch.qos.logback.core.ConsoleAppender">
        <encoder>
            <pattern>%d{yyyy-MM-dd HH:mm:ss} %-5level %logger{36} - %msg%n</pattern>
        </encoder>
    </appender>

    <appender name="FILE" class="ch.qos.logback.core.rolling.RollingFileAppender">
        <file>logs/user-service.log</file>
        <rollingPolicy class="ch.qos.logback.core.rolling.TimeBasedRollingPolicy">
            <fileNamePattern>logs/user-service.%d{yyyy-MM-dd}.log</fileNamePattern>
            <maxHistory>7</maxHistory>
        </rollingPolicy>
        <encoder>
            <pattern>%d{yyyy-MM-dd HH:mm:ss} %-5level %logger{36} - %msg%n</pattern>
        </encoder>
    </appender>

    <logger name="com.user_service" level="INFO" additivity="false">
        <appender-ref ref="FILE"/>
        <appender-ref ref="CONSOLE"/>
    </logger>

    <logger name="com.user_service.UserServiceApplication" level="INFO" additivity="false">
        <appender-ref ref="FILE"/>
        <appender-ref ref="CONSOLE"/>
    </logger>

    <root level="INFO">
        <appender-ref ref="CONSOLE"/>
    </root>

</configuration>